<?xml version="1.0" encoding="UTF-8"?>
<!DOCTYPE suite SYSTEM "https://testng.org/testng-1.0.dtd">
<suite name="Suite">
<parameter name="URL" value="https://marsair.recruiting.thoughtworks.net/AyeNyeinMyat"></parameter>
<parameter name="browser" value="firefox"></parameter>

<listeners>
   <!-- <listener class-name="testnglearning.CustomListeners" /> --> 
   <!--  <listener class-name="org.uncommons.reportng.HTMLReporter" /> -->
    <listener class-name="extentlisteners.ExtentListeners" />
   
  </listeners>

  <test name="MarsAir Booking Test">
  
 
	
	<classes>
	<class name="testcases.AccessWebsite"></class>
	<class name="testcases.LinkToHomePage"></class>
	<class name="testcases.SearchAvailableSeats"></class>
	<class name="testcases.ApplyPromotion"></class>
	<class name="testcases.ValidateReturnDate"></class>
 <!-- 
	<class name="testcases.AccessWebsite"></class>
	<class name="testcases.LinkToHomePage"></class>
	<class name="testcases.SearchAvailableSeats"></class>
	<class name="testcases.ApplyPromotion"></class>
	<class name="testcases.ValidateReturnDate"></class>
  -->

  	</classes>
	 
  </test> <!-- Test -->
</suite> <!-- Suite -->
